﻿<?xml version="1.0" ?>
<QBXML>
  <QBXMLMsgsRs>
    <CustomerQueryRs requestID="11" statusCode="0" statusSeverity="Info" statusMessage="Status OK">
      <CustomerRet>
        <ListID>80000004-1502039442</ListID>
        <TimeCreated>2017-08-06T18:10:42+01:00</TimeCreated>
        <TimeModified>2017-08-13T13:20:11+01:00</TimeModified>
        <EditSequence>1502039442</EditSequence>
        <Name>Another</Name>
        <FullName>Another</FullName>
        <IsActive>true</IsActive>
        <Sublevel>0</Sublevel>
        <Salutation>Mr</Salutation>
        <FirstName>C</FirstName>
        <MiddleName>T</MiddleName>
        <LastName>Another</LastName>
        <BillAddress>
          <Addr1>1, Jane Doe Close</Addr1>
          <City>Ikoyi</City>
          <State>Lagos</State>
          <PostalCode>23401</PostalCode>
        </BillAddress>
        <Phone>08033646204</Phone>
        <Email>test1@gmail.com</Email>
        <Balance>107750.00</Balance>
        <TotalBalance>107750.00</TotalBalance>
        <JobStatus>None</JobStatus>
      </CustomerRet>
      <CustomerRet>
        <ListID>80000002-1501947535</ListID>
        <TimeCreated>2017-08-05T16:38:55+01:00</TimeCreated>
        <TimeModified>2017-08-05T16:38:55+01:00</TimeModified>
        <EditSequence>1501947535</EditSequence>
        <Name>Maxwell</Name>
        <FullName>Maxwell</FullName>
        <IsActive>true</IsActive>
        <Sublevel>0</Sublevel>
        <Salutation>Mr</Salutation>
        <FirstName>C</FirstName>
        <MiddleName>J</MiddleName>
        <LastName>Maxwell</LastName>
        <BillAddress>
          <Addr1>1, Jane Doe Close</Addr1>
          <City>Ikoyi</City>
          <State>Lagos</State>
          <PostalCode>23401</PostalCode>
        </BillAddress>
        <Phone>08033646202</Phone>
        <Email>maxw@gmail.com</Email>
        <Balance>0.00</Balance>
        <TotalBalance>0.00</TotalBalance>
        <JobStatus>None</JobStatus>
      </CustomerRet>
      <CustomerRet>
        <ListID>80000001-1501875729</ListID>
        <TimeCreated>2017-08-04T20:42:09+01:00</TimeCreated>
        <TimeModified>2017-08-04T20:42:09+01:00</TimeModified>
        <EditSequence>1501875729</EditSequence>
        <Name>Olapegba</Name>
        <FullName>Olapegba</FullName>
        <IsActive>true</IsActive>
        <Sublevel>0</Sublevel>
        <Salutation>Miss</Salutation>
        <FirstName>Tiwa</FirstName>
        <MiddleName>I</MiddleName>
        <LastName>Olapegba</LastName>
        <BillAddress>
          <Addr1>1, Jane Doe Close</Addr1>
          <City>Ikoyi</City>
          <State>Lagos</State>
          <PostalCode>23401</PostalCode>
        </BillAddress>
        <Phone>08033646201</Phone>
        <Email>tiwa@gmail.com</Email>
        <Balance>0.00</Balance>
        <TotalBalance>0.00</TotalBalance>
        <JobStatus>None</JobStatus>
      </CustomerRet>
      <CustomerRet>
        <ListID>80000003-1502035321</ListID>
        <TimeCreated>2017-08-06T17:02:01+01:00</TimeCreated>
        <TimeModified>2017-08-06T17:02:01+01:00</TimeModified>
        <EditSequence>1502035321</EditSequence>
        <Name>Orimoloye</Name>
        <FullName>Orimoloye</FullName>
        <IsActive>true</IsActive>
        <Sublevel>0</Sublevel>
        <Salutation>Mr</Salutation>
        <FirstName>C</FirstName>
        <MiddleName>L</MiddleName>
        <LastName>Orimoloye</LastName>
        <BillAddress>
          <Addr1>1, Jane Doe Close</Addr1>
          <City>Ikoyi</City>
          <State>Lagos</State>
          <PostalCode>23401</PostalCode>
        </BillAddress>
        <Phone>08033646203</Phone>
        <Email>lake@gmail.com</Email>
        <Balance>0.00</Balance>
        <TotalBalance>0.00</TotalBalance>
        <JobStatus>None</JobStatus>
      </CustomerRet>
    </CustomerQueryRs>
  </QBXMLMsgsRs>
</QBXML>